Rk,Name,Age,Tm,W,L,W-L%,ERA,G,GS,GF,CG,SHO,SV,IP,H,R,ER,HR,BB,IBB,SO,HBP,BK,WP,BF,ERA+,FIP,WHIP,H9,HR9,BB9,SO9,SO/W
1,David Aardsma,30,NYY,0,0,,9.00,1,0,1,0,0,0,1.0,1,1,1,1,1,0,1,0,0,0,5,64,17.09,2.000,9.0,9.0,9.0,9.0,1.00
2,Jeremy Accardo,30,TOT,0,0,,4.82,27,0,13,0,0,0,37.1,42,21,20,3,16,1,29,0,0,2,162,82,3.87,1.554,10.1,0.7,3.9,7.0,1.81
3,Jeremy Accardo,30,CLE,0,0,,4.58,26,0,13,0,0,0,35.1,38,19,18,3,16,1,28,0,0,2,152,86,3.97,1.528,9.7,0.8,4.1,7.1,1.75
4,Jeremy Accardo,30,OAK,0,0,,9.00,1,0,0,0,0,0,2.0,4,2,2,0,0,0,1,0,0,0,10,52,2.09,2.000,18.0,0.0,0.0,4.5,
5,Alfredo Aceves,29,BOS,2,10,.167,5.36,69,0,55,0,0,25,84.0,80,51,50,11,31,2,75,6,1,3,361,79,4.33,1.321,8.6,1.2,3.3,8.0,2.42
6,Mike Adams,33,TEX,5,3,.625,3.27,61,0,7,0,0,1,52.1,56,21,19,4,17,1,45,3,0,2,228,135,3.51,1.395,9.6,0.7,2.9,7.7,2.65
7,Nathan Adcock,24,KCR,0,3,.000,2.34,12,2,3,0,0,0,34.2,37,13,9,4,13,2,22,1,0,0,148,180,4.54,1.442,9.6,1.0,3.4,5.7,1.69
8,Matt Albers,29,BOS,2,0,1.000,2.29,40,0,8,0,0,0,39.1,30,14,10,6,15,3,25,1,0,0,157,186,5.03,1.144,6.9,1.4,3.4,5.7,1.67
9,Al Alburquerque,26,DET,0,0,,0.68,8,0,0,0,0,0,13.1,6,1,1,0,8,0,18,0,1,0,53,647,2.19,1.050,4.1,0.0,5.4,12.2,2.25
10,Cody Allen,23,CLE,0,1,.000,3.72,27,0,9,0,0,0,29.0,29,12,12,2,15,0,27,0,0,0,126,106,3.68,1.517,9.0,0.6,4.7,8.4,1.80
11,Henderson Alvarez III,22,TOR,9,14,.391,4.85,31,31,0,1,1,0,187.1,216,110,101,29,54,2,79,3,1,3,807,87,5.18,1.441,10.4,1.4,2.6,3.8,1.46
12,Brett Anderson*,24,OAK,4,2,.667,2.57,6,6,0,0,0,0,35.0,29,11,10,1,7,1,25,1,0,1,137,153,2.72,1.029,7.5,0.3,1.8,6.4,3.57
13,Chris Archer,23,TBR,1,3,.250,4.60,6,4,1,0,0,0,29.1,23,17,15,3,13,0,36,1,0,2,122,85,3.40,1.227,7.1,0.9,4.0,11.0,2.77
14,Jake Arrieta,26,BAL,3,9,.250,6.20,24,18,1,0,0,0,114.2,122,82,79,16,35,3,109,5,0,4,496,68,4.05,1.369,9.6,1.3,2.7,8.6,3.11
15,Jairo Asencio,29,CLE,1,1,.500,5.96,18,0,9,0,0,0,25.2,27,17,17,4,8,0,21,1,0,3,108,66,4.54,1.364,9.5,1.4,2.8,7.4,2.63
16,Scott Atchison,36,BOS,2,1,.667,1.58,42,0,7,0,0,0,51.1,42,10,9,2,9,3,36,0,0,2,200,269,2.72,0.994,7.4,0.4,1.6,6.3,4.00
17,Dylan Axelrod,26,CHW,2,2,.500,5.47,14,7,4,0,0,0,51.0,56,32,31,8,21,0,40,4,0,1,231,78,5.04,1.510,9.9,1.4,3.7,7.1,1.90
18,Luis Ayala,34,BAL,5,5,.500,2.64,66,0,15,0,0,1,75.0,81,27,22,7,14,3,51,4,0,2,320,160,3.67,1.267,9.7,0.8,1.7,6.1,3.64
19,Burke Badenhop,29,TBR,3,2,.600,3.03,66,0,14,0,0,0,62.1,63,24,21,6,12,5,42,1,0,1,262,128,3.62,1.203,9.1,0.9,1.7,6.1,3.50
20,Andrew Bailey,28,BOS,1,1,.500,7.04,19,0,13,0,0,6,15.1,21,12,12,2,8,2,14,0,1,0,74,61,4.53,1.891,12.3,1.2,4.7,8.2,1.75
21,Collin Balester,26,DET,2,0,1.000,6.50,11,0,2,0,0,0,18.0,14,14,13,5,11,1,12,3,0,4,83,67,7.71,1.389,7.0,2.5,5.5,6.0,1.09
22,Grant Balfour,34,OAK,3,2,.600,2.53,75,0,34,0,0,24,74.2,41,21,21,4,28,2,72,1,0,2,289,154,3.03,0.924,4.9,0.5,3.4,8.7,2.57
23,Daniel Bard,27,BOS,5,6,.455,6.22,17,10,2,0,0,0,59.1,60,42,41,9,43,1,38,8,2,1,277,68,6.36,1.736,9.1,1.4,6.5,5.8,0.88
24,Scott Barnes*,24,CLE,0,0,,4.26,16,0,3,0,0,0,19.0,17,9,9,1,7,0,16,3,0,2,82,93,3.67,1.263,8.1,0.5,3.3,7.6,2.29
25,Pedro Beato,25,BOS,1,0,1.000,4.70,4,0,0,0,0,0,7.2,6,4,4,0,3,0,7,1,0,0,31,94,2.83,1.174,7.0,0.0,3.5,8.2,2.33
Rk,Name,Age,Tm,W,L,W-L%,ERA,G,GS,GF,CG,SHO,SV,IP,H,R,ER,HR,BB,IBB,SO,HBP,BK,WP,BF,ERA+,FIP,WHIP,H9,HR9,BB9,SO9,SO/W
26,Blake Beavan,23,SEA,11,11,.500,4.43,26,26,0,0,0,0,152.1,168,76,75,23,24,0,67,10,0,3,638,86,4.85,1.260,9.9,1.4,1.4,4.0,2.79
27,Chad Beck,27,TOR,0,0,,6.32,14,0,2,0,0,0,15.2,21,12,11,2,5,0,9,0,1,1,72,68,4.56,1.660,12.1,1.1,2.9,5.2,1.80
28,Josh Beckett,32,BOS,5,11,.313,5.23,21,21,0,0,0,0,127.1,131,75,74,16,38,2,94,5,0,4,547,81,4.26,1.327,9.3,1.1,2.7,6.6,2.47
29,Duane Below*,26,DET,2,1,.667,3.88,27,1,7,0,0,0,46.1,49,25,20,6,8,0,29,1,1,1,189,110,4.11,1.230,9.5,1.2,1.6,5.6,3.63
30,Joaquín Benoit,34,DET,5,3,.625,3.68,73,0,18,0,0,2,71.0,59,31,29,14,22,2,84,1,0,2,288,116,4.26,1.141,7.5,1.8,2.8,10.6,3.82
31,Jason Berken,28,BAL,0,0,,18.00,1,0,1,0,0,0,1.0,6,7,2,2,1,0,0,0,0,0,10,32,32.09,7.000,54.0,18.0,9.0,0.0,0.00
32,Nick Blackburn,30,MIN,4,9,.308,7.39,19,19,0,0,0,0,98.2,143,81,81,23,26,0,42,1,0,2,456,56,6.09,1.713,13.0,2.1,2.4,3.8,1.62
33,Travis Blackley*,29,OAK,6,4,.600,3.86,24,15,5,0,0,0,102.2,91,47,44,10,30,1,69,3,3,6,419,101,3.98,1.179,8.0,0.9,2.6,6.0,2.30
34,Jerry Blevins*,28,OAK,5,1,.833,2.48,63,0,17,0,0,1,65.1,45,20,18,7,25,5,54,5,0,2,261,158,4.21,1.071,6.2,1.0,3.4,7.4,2.16
35,Michael Bowden,25,BOS,0,0,,3.00,2,0,2,0,0,0,3.0,2,1,1,1,1,0,3,0,0,0,11,157,6.43,1.000,6.0,3.0,3.0,9.0,3.00
36,Craig Breslow*,31,BOS,1,0,1.000,2.70,23,0,4,0,0,0,20.0,14,7,6,0,9,2,19,1,0,1,81,159,2.69,1.150,6.3,0.0,4.1,8.6,2.11
37,Zack Britton*,24,BAL,5,3,.625,5.07,12,11,0,0,0,0,60.1,61,37,34,6,32,3,53,2,0,4,270,84,4.32,1.541,9.1,0.9,4.8,7.9,1.66
38,Jonathan Broxton,28,KCR,1,2,.333,2.27,35,0,32,0,0,23,35.2,36,11,9,1,14,0,25,2,0,0,151,185,3.40,1.402,9.1,0.3,3.5,6.3,1.79
39,Brian Bruney,30,CHW,1,0,1.000,0.00,1,0,1,0,0,0,1.0,0,0,0,0,2,0,2,0,0,0,5,,5.09,2.000,0.0,0.0,18.0,18.0,1.00
40,Clay Buchholz,27,BOS,11,8,.579,4.56,29,29,0,2,1,0,189.1,187,104,96,25,64,2,129,12,2,2,802,92,4.65,1.326,8.9,1.2,3.0,6.1,2.02
41,Francisley Bueno*,31,KCR,1,1,.500,1.56,18,0,6,0,0,0,17.1,16,4,3,0,2,1,7,1,0,0,69,273,2.81,1.038,8.3,0.0,1.0,3.6,3.50
42,Dylan Bundy,19,BAL,0,0,,0.00,2,0,2,0,0,0,1.2,1,0,0,0,1,0,0,0,0,0,6,,4.89,1.200,5.4,0.0,5.4,0.0,0.00
43,Alex Burnett,24,MIN,4,4,.500,3.52,67,0,18,0,0,0,71.2,71,33,28,4,26,5,36,3,0,6,309,117,4.03,1.353,8.9,0.5,3.3,4.5,1.38
44,Jared Burton,31,MIN,3,2,.600,2.18,64,0,12,0,0,5,62.0,41,21,15,5,16,1,55,5,0,0,245,189,3.38,0.919,6.0,0.7,2.3,8.0,3.44
45,Drew Butera,28,MIN,0,0,,0.00,1,0,1,0,0,0,1.0,0,0,0,0,1,0,1,0,0,1,4,,4.09,1.000,0.0,0.0,9.0,9.0,1.00
46,Carter Capps,21,SEA,0,0,,3.96,18,0,2,0,0,0,25.0,25,11,11,0,11,0,28,0,0,1,109,98,2.17,1.440,9.0,0.0,4.0,10.1,2.55
47,Matt Capps,28,MIN,1,4,.200,3.68,30,0,29,0,0,14,29.1,28,13,12,5,4,1,18,0,0,3,120,112,4.49,1.091,8.6,1.5,1.2,5.5,4.50
48,Andrew Carignan,25,OAK,1,1,.500,4.66,11,0,5,0,0,0,9.2,8,5,5,0,10,0,8,0,0,1,44,87,4.54,1.862,7.4,0.0,9.3,7.4,0.80
49,Chris Carpenter,26,BOS,1,0,1.000,9.00,8,0,3,0,0,0,6.0,7,6,6,1,10,2,2,0,0,2,34,50,9.59,2.833,10.5,1.5,15.0,3.0,0.20
50,David Carpenter,26,TOR,0,0,,30.38,3,0,1,0,0,0,2.2,8,10,9,1,2,1,4,1,0,0,20,16,8.34,3.750,27.0,3.4,6.8,13.5,2.00
Rk,Name,Age,Tm,W,L,W-L%,ERA,G,GS,GF,CG,SHO,SV,IP,H,R,ER,HR,BB,IBB,SO,HBP,BK,WP,BF,ERA+,FIP,WHIP,H9,HR9,BB9,SO9,SO/W
51,David Carpenter,24,LAA,1,2,.333,4.76,28,0,12,0,0,0,39.2,42,21,21,6,17,0,28,0,0,2,172,81,4.93,1.487,9.5,1.4,3.9,6.4,1.65
52,Drew Carpenter,27,TOR,0,0,,5.00,6,0,4,0,0,0,9.0,7,5,5,4,6,0,9,0,0,1,40,88,8.87,1.444,7.0,4.0,6.0,9.0,1.50
53,Joel Carreño,25,TOR,0,2,.000,6.14,11,2,3,0,0,0,22.0,22,15,15,7,14,0,16,0,0,0,97,70,7.68,1.636,9.0,2.9,5.7,6.5,1.14
54,Bobby Cassevah,26,LAA,1,0,1.000,7.20,4,0,0,0,0,0,5.0,5,4,4,2,6,1,2,1,0,0,29,57,11.69,2.200,9.0,3.6,10.8,3.6,0.33
55,Brett Cecil*,25,TOR,2,4,.333,5.72,21,9,2,0,0,0,61.1,70,40,39,11,23,0,51,3,0,0,270,74,5.03,1.516,10.3,1.6,3.4,7.5,2.22
56,Joba Chamberlain,26,NYY,1,0,1.000,4.35,22,0,5,0,0,0,20.2,26,11,10,3,6,2,22,2,0,0,95,98,4.01,1.548,11.3,1.3,2.6,9.6,3.67
57,Jesse Chavez,28,TOT,1,1,.500,9.85,13,2,3,0,0,0,24.2,34,29,27,7,11,1,30,3,0,1,123,44,6.05,1.824,12.4,2.6,4.0,10.9,2.73
58,Jesse Chavez,28,TOR,1,1,.500,8.44,9,2,2,0,0,0,21.1,25,22,20,6,10,1,27,2,0,0,102,51,5.91,1.641,10.5,2.5,4.2,11.4,2.70
59,Jesse Chavez,28,OAK,0,0,,18.90,4,0,1,0,0,0,3.1,9,7,7,1,1,0,3,1,0,1,21,23,6.99,3.000,24.3,2.7,2.7,8.1,3.00
60,Bruce Chen*,35,KCR,11,14,.440,5.07,34,34,0,0,0,0,191.2,215,114,108,33,47,3,140,8,0,5,827,82,4.73,1.367,10.1,1.5,2.2,6.6,2.98
61,Wei-Yin Chen*,26,BAL,12,11,.522,4.02,32,32,0,0,0,0,192.2,186,97,86,29,57,0,154,5,1,2,818,105,4.42,1.261,8.7,1.4,2.7,7.2,2.70
62,Alex Cobb,24,TBR,11,9,.550,4.03,23,23,0,2,1,0,136.1,130,67,61,11,40,2,106,9,1,8,569,96,3.67,1.247,8.6,0.7,2.6,7.0,2.65
63,Robert Coello,27,TOR,0,1,.000,12.79,6,0,1,0,0,0,6.1,10,9,9,2,4,0,11,1,0,0,33,35,6.09,2.211,14.2,2.8,5.7,15.6,2.75
64,Phil Coke*,29,DET,2,3,.400,4.00,66,0,11,0,0,1,54.0,71,28,24,5,18,4,51,1,0,3,245,107,3.46,1.648,11.8,0.8,3.0,8.5,2.83
65,Louis Coleman,26,KCR,0,0,,3.71,42,0,18,0,0,0,51.0,41,23,21,10,26,3,65,1,0,1,217,113,4.68,1.314,7.2,1.8,4.6,11.5,2.50
66,Tim Collins*,22,KCR,5,4,.556,3.36,72,0,9,0,0,0,69.2,55,29,26,8,34,8,93,2,0,3,295,125,3.47,1.278,7.1,1.0,4.4,12.0,2.74
67,Bartolo Colón,39,OAK,10,9,.526,3.43,24,24,0,0,0,0,152.1,161,62,58,17,23,3,91,1,0,0,636,114,3.82,1.208,9.5,1.0,1.4,5.4,3.96
68,Román Colón,32,KCR,0,0,,6.75,3,0,0,0,0,0,8.0,12,6,6,0,3,0,3,0,0,1,37,65,3.47,1.875,13.5,0.0,3.4,3.4,1.00
69,Aaron Cook,33,BOS,4,11,.267,5.65,18,18,0,1,1,0,94.0,117,68,59,15,21,1,20,1,0,2,411,75,5.45,1.468,11.2,1.4,2.0,1.9,0.95
70,Ryan Cook,25,OAK,6,2,.750,2.09,71,0,23,0,0,14,73.1,42,18,17,4,27,4,80,4,0,4,288,187,2.89,0.941,5.2,0.5,3.3,9.8,2.96
71,Francisco Cordero,37,TOR,3,5,.375,5.77,41,0,17,0,0,2,34.1,48,24,22,7,14,3,26,1,0,4,160,74,5.54,1.806,12.6,1.8,3.7,6.8,1.86
72,Jesse Crain,30,CHW,2,3,.400,2.44,51,0,6,0,0,0,48.0,29,14,13,5,23,1,60,1,0,4,194,176,3.45,1.083,5.4,0.9,4.3,11.3,2.61
73,Evan Crawford*,25,TOR,0,0,,6.75,10,0,3,0,0,0,8.0,10,6,6,3,4,1,5,1,1,0,36,65,8.59,1.750,11.3,3.4,4.5,5.6,1.25
74,Casey Crosby*,23,DET,1,1,.500,9.49,3,3,0,0,0,0,12.1,15,13,13,2,11,0,9,0,0,1,59,46,6.42,2.108,10.9,1.5,8.0,6.6,0.82
75,Aaron Crow,25,KCR,3,1,.750,3.48,73,0,20,0,0,2,64.2,54,27,25,4,22,2,65,1,0,4,260,120,2.95,1.175,7.5,0.6,3.1,9.0,2.95
Rk,Name,Age,Tm,W,L,W-L%,ERA,G,GS,GF,CG,SHO,SV,IP,H,R,ER,HR,BB,IBB,SO,HBP,BK,WP,BF,ERA+,FIP,WHIP,H9,HR9,BB9,SO9,SO/W
76,John Danks*,27,CHW,3,4,.429,5.70,9,9,0,0,0,0,53.2,57,35,34,7,23,0,30,1,0,5,238,75,5.01,1.491,9.6,1.2,3.9,5.0,1.30
77,Yu Darvish,25,TEX,16,9,.640,3.90,29,29,0,0,0,0,191.1,156,89,83,14,89,1,221,10,0,8,816,112,3.29,1.280,7.3,0.7,4.2,10.4,2.48
78,Chris Davis,26,BAL,1,0,1.000,0.00,1,0,1,0,0,0,2.0,2,0,0,0,1,0,2,0,0,0,8,,2.59,1.500,9.0,0.0,4.5,9.0,2.00
79,Wade Davis,26,TBR,3,0,1.000,2.43,54,0,15,0,0,0,70.1,48,20,19,5,29,2,87,0,0,2,284,159,2.78,1.095,6.1,0.6,3.7,11.1,3.00
80,Dane De La Rosa,29,TBR,0,0,,12.60,5,0,5,0,0,0,5.0,7,7,7,2,2,0,5,0,0,0,22,33,7.49,1.800,12.6,3.6,3.6,9.0,2.50
81,Fautino De Los Santos,26,OAK,0,0,,3.00,6,0,2,0,0,0,3.0,7,2,1,0,3,0,3,0,0,1,20,146,4.09,3.333,21.0,0.0,9.0,9.0,1.00
82,Cole De Vries,27,MIN,5,5,.500,4.11,17,16,1,0,0,0,87.2,88,48,40,16,18,0,58,4,0,1,375,100,4.90,1.209,9.0,1.6,1.8,6.0,3.22
83,Sam Deduno,28,MIN,6,5,.545,4.44,15,15,0,0,0,0,79.0,69,40,39,10,53,0,57,5,0,5,347,92,5.50,1.544,7.9,1.1,6.0,6.5,1.08
84,Steve Delabar,28,TOT,4,3,.571,3.82,61,0,12,0,0,0,66.0,46,29,28,12,26,1,92,5,0,6,274,106,4.08,1.091,6.3,1.6,3.5,12.5,3.54
85,Steve Delabar,28,SEA,2,1,.667,4.17,34,0,11,0,0,0,36.2,23,17,17,9,11,1,46,5,0,3,148,92,5.08,0.927,5.6,2.2,2.7,11.3,4.18
86,Steve Delabar,28,TOR,2,2,.500,3.38,27,0,1,0,0,0,29.1,23,12,11,3,15,0,46,0,0,3,126,126,2.82,1.295,7.1,0.9,4.6,14.1,3.07
87,Ryan Dempster,35,TEX,7,3,.700,5.09,12,12,0,0,0,0,69.0,74,43,39,10,25,0,70,1,0,2,300,86,4.08,1.435,9.7,1.3,3.3,9.1,2.80
88,Scott Diamond*,25,MIN,12,9,.571,3.54,27,27,0,1,1,0,173.0,184,76,68,17,31,2,90,4,0,10,714,116,3.94,1.243,9.6,0.9,1.6,4.7,2.90
89,Sean Doolittle*,25,OAK,2,1,.667,3.04,44,0,7,0,0,1,47.1,40,18,16,3,11,1,60,0,0,0,191,129,2.08,1.077,7.6,0.6,2.1,11.4,5.45
90,Octavio Dotel,38,DET,5,3,.625,3.57,57,0,15,0,0,1,58.0,50,23,23,3,12,4,62,1,0,2,234,120,2.30,1.069,7.8,0.5,1.9,9.6,5.17
91,Félix Doubront*,24,BOS,11,10,.524,4.86,29,29,0,0,0,0,161.0,162,95,87,24,71,0,167,5,0,5,709,87,4.37,1.447,9.1,1.3,4.0,9.3,2.35
92,Darin Downs*,27,DET,2,1,.667,3.48,18,0,5,0,0,0,20.2,18,8,8,1,9,2,20,1,0,1,86,124,3.24,1.306,7.8,0.4,3.9,8.7,2.22
93,Scott Downs*,36,LAA,1,1,.500,3.15,57,0,11,0,0,9,45.2,43,17,16,3,17,2,32,0,0,1,194,122,3.66,1.314,8.5,0.6,3.4,6.3,1.88
94,Kyle Drabek,24,TOR,4,7,.364,4.67,13,13,0,0,0,0,71.1,67,41,37,10,47,0,47,1,0,7,317,91,5.62,1.598,8.5,1.3,5.9,5.9,1.00
95,Brian Duensing*,29,MIN,4,12,.250,5.12,55,11,8,0,0,0,109.0,126,71,62,10,27,3,69,2,0,5,472,80,3.82,1.404,10.4,0.8,2.2,5.7,2.56
96,Danny Duffy*,23,KCR,2,2,.500,3.90,6,6,0,0,0,0,27.2,26,13,12,2,18,1,28,0,1,0,121,108,3.96,1.590,8.5,0.7,5.9,9.1,1.56
97,Sam Dyson,24,TOR,0,0,,40.50,2,0,0,0,0,0,0.2,4,3,3,0,2,0,1,0,0,0,8,16,9.09,9.000,54.0,0.0,27.0,13.5,0.50
98,Barry Enright,26,LAA,0,0,,14.73,3,0,2,0,0,0,3.2,7,6,6,1,1,0,0,0,0,0,20,29,7.46,2.182,17.2,2.5,2.5,0.0,0.00
99,Cody Eppley,26,NYY,1,2,.333,3.33,59,0,14,0,0,0,46.0,46,19,17,3,17,2,32,0,0,2,194,128,3.66,1.370,9.0,0.6,3.3,6.3,1.88
100,Dana Eveland*,28,BAL,0,1,.000,4.73,14,2,6,0,0,0,32.1,32,18,17,3,13,3,18,5,0,0,145,90,4.86,1.392,8.9,0.8,3.6,5.0,1.38
Rk,Name,Age,Tm,W,L,W-L%,ERA,G,GS,GF,CG,SHO,SV,IP,H,R,ER,HR,BB,IBB,SO,HBP,BK,WP,BF,ERA+,FIP,WHIP,H9,HR9,BB9,SO9,SO/W
101,Kyle Farnsworth,36,TBR,1,6,.143,4.00,34,0,8,0,0,0,27.0,22,13,12,1,14,2,25,1,0,2,120,97,3.39,1.333,7.3,0.3,4.7,8.3,1.79
102,Scott Feldman,29,TEX,6,11,.353,5.09,29,21,5,0,0,0,123.2,139,79,70,14,32,2,96,1,1,2,536,86,3.81,1.383,10.1,1.0,2.3,7.0,3.00
103,Neftalí Feliz,24,TEX,3,1,.750,3.16,8,7,0,1,0,0,42.2,28,15,15,5,23,0,37,2,0,0,175,139,4.64,1.195,5.9,1.1,4.9,7.8,1.61
104,Casey Fien,28,MIN,2,1,.667,2.06,35,0,7,0,0,0,35.0,25,9,8,3,9,4,32,1,0,0,141,201,3.24,0.971,6.4,0.8,2.3,8.2,3.56
105,Pedro Figueroa*,26,OAK,0,0,,3.32,19,0,6,0,0,0,21.2,16,9,8,2,15,1,14,0,0,2,89,119,5.08,1.431,6.6,0.8,6.2,5.8,0.93
106,Doug Fister,28,DET,10,10,.500,3.45,26,26,0,2,1,0,161.2,156,73,62,15,37,1,137,7,0,1,673,123,3.42,1.194,8.7,0.8,2.1,7.6,3.70
107,Gavin Floyd,29,CHW,12,11,.522,4.29,29,29,0,0,0,0,168.0,166,84,80,22,63,2,144,14,0,8,724,99,4.46,1.363,8.9,1.2,3.4,7.7,2.29
108,Wilmer Font,22,TEX,0,0,,9.00,3,0,0,0,0,0,2.0,0,2,2,0,4,0,1,0,0,1,10,57,8.09,2.000,0.0,0.0,18.0,4.5,0.25
109,Jason Frasor,34,TOR,1,1,.500,4.12,50,0,9,0,0,0,43.2,42,20,20,6,22,1,53,2,1,5,191,103,4.10,1.466,8.7,1.2,4.5,10.9,2.41
110,Ernesto Frieri,26,LAA,4,2,.667,2.32,56,0,46,0,0,23,54.1,26,15,14,7,26,0,80,5,0,1,219,165,3.54,0.957,4.3,1.2,4.3,13.3,3.08
111,Brian Fuentes*,36,OAK,2,2,.500,6.84,26,0,12,0,0,5,25.0,30,19,19,5,10,0,18,1,0,2,116,58,5.57,1.600,10.8,1.8,3.6,6.5,1.80
112,Charlie Furbush*,26,SEA,5,2,.714,2.72,48,0,8,0,0,0,46.1,28,15,14,3,16,4,53,2,0,5,182,141,2.81,0.950,5.4,0.6,3.1,10.3,3.31
113,Freddy García,35,NYY,7,6,.538,5.20,30,17,10,0,0,0,107.1,112,64,62,18,35,2,89,3,1,10,461,81,4.68,1.370,9.4,1.5,2.9,7.5,2.54
114,Steve Geltz,24,LAA,0,0,,4.50,2,0,2,0,0,0,2.0,2,1,1,0,3,0,1,0,0,0,11,102,6.59,2.500,9.0,0.0,13.5,4.5,0.33
115,Craig Gentry,28,TEX,0,0,,18.00,1,0,1,0,0,0,1.0,3,2,2,0,1,0,0,0,0,0,7,33,6.09,4.000,27.0,0.0,9.0,0.0,0.00
116,Justin Germano,29,BOS,0,0,,0.00,1,0,1,0,0,0,5.2,5,0,0,0,2,0,7,0,0,1,24,,1.68,1.235,7.9,0.0,3.2,11.1,3.50
117,Graham Godfrey,27,OAK,0,4,.000,6.43,5,4,1,0,0,0,21.0,26,18,15,4,10,0,10,3,0,0,98,62,6.47,1.714,11.1,1.7,4.3,4.3,1.00
118,Brandon Gomes,27,TBR,2,2,.500,5.09,15,0,4,0,0,0,17.2,16,12,10,2,12,3,15,2,0,1,83,77,5.24,1.585,8.2,1.0,6.1,7.6,1.25
119,Jeanmar Gómez,24,CLE,5,8,.385,5.96,20,17,1,0,0,0,90.2,95,66,60,15,34,5,47,4,0,2,395,65,5.47,1.423,9.4,1.5,3.4,4.7,1.38
120,Miguel González,28,BAL,9,4,.692,3.25,18,15,0,0,0,0,105.1,92,38,38,13,35,2,77,5,2,3,434,130,4.38,1.206,7.9,1.1,3.0,6.6,2.20
121,Jeff Gray,30,MIN,6,1,.857,5.71,49,0,11,0,0,0,52.0,58,34,33,9,22,0,26,4,1,5,236,72,5.84,1.538,10.0,1.6,3.8,4.5,1.18
122,Kevin Gregg,34,BAL,3,2,.600,4.95,40,0,13,0,0,0,43.2,50,26,24,6,24,2,37,3,0,0,200,86,5.04,1.695,10.3,1.2,4.9,7.6,1.54
123,Zack Greinke,28,LAA,6,2,.750,3.53,13,13,0,0,0,0,89.1,80,35,35,11,26,0,78,2,0,4,364,108,3.89,1.187,8.1,1.1,2.6,7.9,3.00
124,A.J. Griffin,24,OAK,7,1,.875,3.06,15,15,0,0,0,0,82.1,74,29,28,10,19,0,64,1,0,0,336,127,3.85,1.130,8.1,1.1,2.1,7.0,3.37
125,Justin Grimm,23,TEX,1,1,.500,9.00,5,2,3,0,0,0,14.0,22,14,14,1,3,0,13,0,0,3,65,50,2.81,1.786,14.1,0.6,1.9,8.4,4.33
Rk,Name,Age,Tm,W,L,W-L%,ERA,G,GS,GF,CG,SHO,SV,IP,H,R,ER,HR,BB,IBB,SO,HBP,BK,WP,BF,ERA+,FIP,WHIP,H9,HR9,BB9,SO9,SO/W
126,Jeremy Guthrie,33,KCR,5,3,.625,3.16,14,14,0,0,0,0,91.0,84,37,32,9,19,0,56,2,1,1,366,132,3.84,1.132,8.3,0.9,1.9,5.5,2.95
127,Nick Hagadone*,26,CLE,1,0,1.000,6.39,27,0,10,0,0,1,25.1,26,18,18,4,15,0,26,0,0,2,116,62,4.87,1.618,9.2,1.4,5.3,9.2,1.73
128,Jason Hammel,29,BAL,8,6,.571,3.43,20,20,0,1,1,0,118.0,104,48,45,9,42,2,113,2,0,3,493,123,3.29,1.237,7.9,0.7,3.2,8.6,2.69
129,J.A. Happ*,29,TOR,3,2,.600,4.69,10,6,3,0,0,0,40.1,35,21,21,2,17,1,46,1,0,2,170,91,2.80,1.289,7.8,0.4,3.8,10.3,2.71
130,Dan Haren,31,LAA,12,13,.480,4.33,30,30,0,1,1,0,176.2,190,95,85,28,38,3,142,3,1,5,747,88,4.24,1.291,9.7,1.4,1.9,7.2,3.74
131,Matt Harrison*,26,TEX,18,11,.621,3.29,32,32,0,4,2,0,213.1,210,82,78,22,59,0,133,1,0,2,876,133,4.03,1.261,8.9,0.9,2.5,5.6,2.25
132,LaTroy Hawkins,39,LAA,2,3,.400,3.64,48,0,7,0,0,1,42.0,45,20,17,5,13,1,23,0,0,0,178,105,4.47,1.381,9.6,1.1,2.8,4.9,1.77
133,Deunte Heath,26,CHW,0,0,,4.50,3,0,2,0,0,0,2.0,1,1,1,1,1,0,1,0,0,0,7,112,10.09,1.000,4.5,4.5,4.5,4.5,1.00
134,Jeremy Hellickson,25,TBR,10,11,.476,3.10,31,31,0,0,0,0,177.0,163,68,61,25,59,3,124,4,0,5,741,124,4.60,1.254,8.3,1.3,3.0,6.3,2.10
135,Liam Hendriks,23,MIN,1,8,.111,5.59,16,16,0,1,0,0,85.1,106,61,53,17,26,3,50,4,0,4,381,73,5.57,1.547,11.2,1.8,2.7,5.3,1.92
136,Félix Hernández,26,SEA,13,9,.591,3.06,33,33,0,5,5,0,232.0,209,84,79,14,56,0,223,12,2,13,939,124,2.84,1.142,8.1,0.5,2.2,8.7,3.98
137,Pedro Hernández*,23,CHW,0,1,.000,18.00,1,1,0,0,0,0,4.0,12,8,8,3,1,0,2,0,0,0,25,26,12.59,3.250,27.0,6.8,2.3,4.5,2.00
138,Roberto Hernández,31,CLE,0,3,.000,7.53,3,3,0,0,0,0,14.1,17,15,12,4,3,0,2,1,0,1,62,53,7.28,1.395,10.7,2.5,1.9,1.3,0.67
139,Kelvin Herrera,22,KCR,4,3,.571,2.35,76,0,10,0,0,3,84.1,79,24,22,4,21,6,77,2,1,3,344,178,2.70,1.186,8.4,0.4,2.2,8.2,3.67
140,Frank Herrmann,28,CLE,0,0,,2.33,15,0,7,0,0,0,19.1,12,5,5,1,4,0,14,0,0,0,71,170,2.94,0.828,5.6,0.5,1.9,6.5,3.50
141,Rich Hill*,32,BOS,1,0,1.000,1.83,25,0,3,0,0,0,19.2,17,4,4,0,11,1,21,0,0,0,83,234,2.64,1.424,7.8,0.0,5.0,9.6,1.91
142,Shawn Hill,31,TOR,1,0,1.000,0.00,1,0,0,0,0,0,3.0,0,0,0,0,2,0,0,0,0,0,11,,5.09,0.667,0.0,0.0,6.0,0.0,0.00
143,Luke Hochevar,28,KCR,8,16,.333,5.73,32,32,0,2,1,0,185.1,202,127,118,27,61,3,144,13,0,8,800,73,4.63,1.419,9.8,1.3,3.0,7.0,2.36
144,Derek Holland*,25,TEX,12,7,.632,4.67,29,27,1,0,0,0,175.1,162,100,91,32,52,0,145,3,0,1,730,94,4.75,1.221,8.3,1.6,2.7,7.4,2.79
145,Greg Holland,26,KCR,7,4,.636,2.96,67,0,36,0,0,16,67.0,58,22,22,2,34,7,91,0,1,3,289,142,2.29,1.373,7.8,0.3,4.6,12.2,2.68
146,Tommy Hottovy*,30,KCR,0,0,,2.89,9,0,4,0,0,0,9.1,11,3,3,2,5,0,6,1,0,0,42,150,6.52,1.714,10.6,1.9,4.8,5.8,1.20
147,J.P. Howell*,29,TBR,1,0,1.000,3.04,55,0,10,0,0,0,50.1,39,17,17,7,22,2,42,4,0,1,203,127,4.78,1.212,7.0,1.3,3.9,7.5,1.91
148,David Huff*,27,CLE,3,1,.750,3.38,6,4,0,0,0,0,26.2,30,14,10,5,5,0,19,1,0,0,114,117,4.78,1.313,10.1,1.7,1.7,6.4,3.80
149,Phil Hughes,26,NYY,16,13,.552,4.19,32,32,0,1,0,0,191.1,196,101,89,35,46,0,165,6,0,3,815,101,4.56,1.265,9.2,1.6,2.2,7.8,3.59
150,Philip Humber,29,CHW,5,5,.500,6.44,26,16,6,1,1,0,102.0,113,74,73,23,44,1,85,4,0,9,462,66,5.77,1.539,10.0,2.0,3.9,7.5,1.93
Rk,Name,Age,Tm,W,L,W-L%,ERA,G,GS,GF,CG,SHO,SV,IP,H,R,ER,HR,BB,IBB,SO,HBP,BK,WP,BF,ERA+,FIP,WHIP,H9,HR9,BB9,SO9,SO/W
151,Tommy Hunter,25,BAL,7,8,.467,5.45,33,20,5,0,0,0,133.2,161,85,81,32,27,2,77,4,1,0,573,77,5.75,1.406,10.8,2.2,1.8,5.2,2.85
152,Drew Hutchison,21,TOR,5,3,.625,4.60,11,11,0,0,0,0,58.2,59,31,30,8,20,0,49,5,0,1,257,92,4.47,1.347,9.1,1.2,3.1,7.5,2.45
153,Ryota Igarashi,33,TOT,0,0,,18.00,4,0,1,0,0,0,4.0,9,8,8,0,5,0,5,0,0,0,26,28,4.34,3.500,20.3,0.0,11.3,11.3,1.00
154,Ryota Igarashi,33,TOR,0,0,,36.00,2,0,0,0,0,0,1.0,5,4,4,0,2,0,2,0,0,0,10,16,5.09,7.000,45.0,0.0,18.0,18.0,1.00
155,Ryota Igarashi,33,NYY,0,0,,12.00,2,0,1,0,0,0,3.0,4,4,4,0,3,0,3,0,0,0,16,39,4.09,2.333,12.0,0.0,9.0,9.0,1.00
156,Jason Isringhausen,39,LAA,3,2,.600,4.14,50,0,17,0,0,0,45.2,44,22,21,7,19,3,31,0,0,3,198,93,4.98,1.380,8.7,1.4,3.7,6.1,1.63
157,Hisashi Iwakuma,31,SEA,9,5,.643,3.16,30,16,6,0,0,2,125.1,117,49,44,17,43,3,101,3,0,5,519,121,4.35,1.277,8.4,1.2,3.1,7.3,2.35
158,Casey Janssen,30,TOR,1,1,.500,2.54,62,0,47,0,0,22,63.2,44,18,18,7,11,1,67,3,1,2,242,166,3.08,0.864,6.2,1.0,1.6,9.5,6.09
159,Jeremy Jeffress,24,KCR,0,0,,6.75,13,0,6,0,0,0,13.1,19,14,10,0,13,0,13,0,0,1,73,63,4.07,2.400,12.8,0.0,8.8,8.8,1.00
160,Chad Jenkins,24,TOR,1,3,.250,4.50,13,3,6,0,0,0,32.0,32,16,16,5,11,1,16,1,0,0,136,95,5.25,1.344,9.0,1.4,3.1,4.5,1.45
161,Kevin Jepsen,27,LAA,3,2,.600,3.02,49,0,11,0,0,2,44.2,39,17,15,3,12,1,38,2,0,1,178,127,3.21,1.142,7.9,0.6,2.4,7.7,3.17
162,Ubaldo Jiménez,28,CLE,9,17,.346,5.40,31,31,0,0,0,0,176.2,190,116,106,25,95,3,143,8,1,16,805,72,5.06,1.613,9.7,1.3,4.8,7.3,1.51
163,Jim Johnson,29,BAL,2,1,.667,2.49,71,0,63,0,0,51,68.2,55,21,19,3,15,1,41,3,0,1,269,170,3.25,1.019,7.2,0.4,2.0,5.4,2.73
164,Steve Johnson,24,BAL,4,0,1.000,2.11,12,4,3,0,0,0,38.1,23,9,9,4,18,1,46,0,0,1,151,201,3.46,1.070,5.4,0.9,4.2,10.8,2.56
165,Nate Jones,26,CHW,8,0,1.000,2.39,65,0,11,0,0,0,71.2,67,19,19,4,32,3,65,1,0,5,301,179,3.39,1.381,8.4,0.5,4.0,8.2,2.03
166,Shawn Kelley,28,SEA,2,4,.333,3.25,47,0,10,0,0,0,44.1,43,20,16,5,15,6,45,0,1,2,190,118,3.55,1.308,8.7,1.0,3.0,9.1,3.00
167,Josh Kinney,33,SEA,0,3,.000,3.94,35,0,8,0,0,1,32.0,24,14,14,3,15,3,36,3,0,2,136,98,3.75,1.219,6.8,0.8,4.2,10.1,2.40
168,Michael Kirkman*,25,TEX,1,2,.333,3.82,28,0,9,0,0,0,35.1,24,16,15,5,17,1,38,1,0,2,151,116,4.31,1.160,6.1,1.3,4.3,9.7,2.24
169,Corey Kluber,26,CLE,2,5,.286,5.14,12,12,0,0,0,0,63.0,76,44,36,9,18,0,54,4,0,2,281,76,4.28,1.492,10.9,1.3,2.6,7.7,3.00
170,Bobby Korecky,32,TOR,0,0,,18.00,1,0,1,0,0,0,1.0,1,2,2,1,1,0,0,0,0,0,5,32,19.09,2.000,9.0,9.0,9.0,0.0,0.00
171,Hiroki Kuroda,37,NYY,16,11,.593,3.32,33,33,0,3,2,0,219.2,205,86,81,25,51,2,167,8,0,13,891,127,3.86,1.165,8.4,1.0,2.1,6.8,3.27
172,Aaron Laffey*,27,TOR,4,6,.400,4.56,22,16,1,0,0,0,100.2,100,56,51,17,37,1,48,5,0,2,429,93,5.59,1.361,8.9,1.5,3.3,4.3,1.30
173,Brandon League,29,SEA,0,5,.000,3.63,46,0,24,0,0,9,44.2,48,20,18,1,19,3,27,0,0,3,193,106,3.45,1.500,9.7,0.2,3.8,5.4,1.42
174,Jon Lester*,28,BOS,9,14,.391,4.82,33,33,0,3,0,0,205.1,216,117,110,25,68,2,166,4,0,6,876,87,4.11,1.383,9.5,1.1,3.0,7.3,2.44
175,Colby Lewis,32,TEX,6,6,.500,3.43,16,16,0,2,0,0,105.0,99,48,40,16,14,0,93,6,0,2,427,128,3.87,1.076,8.5,1.4,1.2,8.0,6.64
Rk,Name,Age,Tm,W,L,W-L%,ERA,G,GS,GF,CG,SHO,SV,IP,H,R,ER,HR,BB,IBB,SO,HBP,BK,WP,BF,ERA+,FIP,WHIP,H9,HR9,BB9,SO9,SO/W
176,Brad Lincoln,27,TOR,1,0,1.000,5.65,24,0,4,0,0,0,28.2,29,18,18,6,10,1,28,0,0,1,123,75,4.91,1.360,9.1,1.9,3.1,8.8,2.80
177,Matt Lindstrom,32,BAL,1,0,1.000,2.72,34,0,3,0,0,0,36.1,35,14,11,2,12,2,30,4,1,1,155,156,3.48,1.294,8.7,0.5,3.0,7.4,2.50
178,Francisco Liriano*,28,TOT,6,12,.333,5.34,34,28,2,0,0,0,156.2,143,97,93,19,87,5,167,7,1,11,693,78,4.34,1.468,8.2,1.1,5.0,9.6,1.92
179,Francisco Liriano*,28,MIN,3,10,.231,5.31,22,17,2,0,0,0,100.0,89,63,59,12,55,4,109,4,1,6,440,77,4.24,1.440,8.0,1.1,5.0,9.8,1.98
180,Francisco Liriano*,28,CHW,3,2,.600,5.40,12,11,0,0,0,0,56.2,54,34,34,7,32,1,58,3,0,5,253,79,4.51,1.518,8.6,1.1,5.1,9.2,1.81
181,Boone Logan*,27,NYY,7,2,.778,3.74,80,0,8,0,0,1,55.1,48,23,23,6,28,6,68,2,0,3,239,113,3.67,1.373,7.8,1.0,4.6,11.1,2.43
182,Aaron Loup*,24,TOR,0,2,.000,2.64,33,0,3,0,0,0,30.2,26,10,9,0,2,0,21,0,1,1,117,161,1.92,0.913,7.6,0.0,0.6,6.2,10.50
183,Derek Lowe,39,TOT,9,11,.450,5.11,38,21,10,1,1,1,142.2,180,88,81,10,51,5,55,3,1,7,640,77,4.37,1.619,11.4,0.6,3.2,3.5,1.08
184,Derek Lowe,39,CLE,8,10,.444,5.52,21,21,0,1,1,0,119.0,156,79,73,8,45,3,41,3,1,5,542,71,4.49,1.689,11.8,0.6,3.4,3.1,0.91
185,Derek Lowe,39,NYY,1,1,.500,3.04,17,0,10,0,0,1,23.2,24,9,8,2,6,2,14,0,0,2,98,141,3.77,1.268,9.1,0.8,2.3,5.3,2.33
186,Mark Lowe,29,TEX,0,2,.000,3.43,36,0,12,0,0,0,39.1,35,15,15,5,13,0,28,0,2,4,162,129,4.31,1.220,8.0,1.1,3.0,6.4,2.15
187,Josh Lueke,27,TBR,0,0,,18.90,3,0,2,0,0,0,3.1,9,7,7,0,3,0,2,0,0,0,21,23,4.59,3.600,24.3,0.0,8.1,5.4,0.67
188,Lucas Luetge*,25,SEA,2,2,.500,3.98,63,0,16,0,0,2,40.2,37,20,18,3,24,6,38,1,0,5,178,96,4.03,1.500,8.2,0.7,5.3,8.4,1.58
189,Brandon Lyon,32,TOR,4,0,1.000,2.88,30,0,10,0,0,1,25.0,19,8,8,2,9,1,28,1,0,1,104,148,3.09,1.120,6.8,0.7,3.2,10.1,3.11
190,Mitch Maier,30,KCR,0,0,,0.00,1,0,1,0,0,0,1.0,1,0,0,0,0,0,0,0,0,0,3,,3.09,1.000,9.0,0.0,0.0,0.0,
191,Scott Maine*,27,CLE,1,2,.333,10.50,9,0,4,0,0,0,6.0,13,7,7,1,3,0,6,1,0,1,33,39,5.26,2.667,19.5,1.5,4.5,9.0,2.00
192,Matt Maloney*,28,MIN,1,0,1.000,8.18,9,0,2,0,0,0,11.0,17,10,10,2,1,0,5,1,0,0,52,52,5.09,1.636,13.9,1.6,0.8,4.1,5.00
193,Jeff Manship,27,MIN,0,0,,7.89,12,0,2,0,0,0,21.2,29,19,19,4,7,1,12,1,0,0,98,53,5.49,1.662,12.0,1.7,2.9,5.0,1.71
194,Jhan Mariñez,23,CHW,0,0,,0.00,2,0,1,0,0,0,2.2,2,0,0,0,2,1,1,0,0,0,11,,4.59,1.500,6.8,0.0,6.8,3.4,0.50
195,Nick Maronde*,22,LAA,0,0,,1.50,12,0,1,0,0,0,6.0,6,1,1,0,3,0,7,0,0,0,27,270,2.26,1.500,9.0,0.0,4.5,10.5,2.33
196,Jason Marquis,33,MIN,2,4,.333,8.47,7,7,0,0,0,0,34.0,52,33,32,9,14,0,12,3,0,1,160,49,7.33,1.941,13.8,2.4,3.7,3.2,0.86
197,Luis Marte,25,DET,1,0,1.000,2.82,13,0,4,0,0,0,22.1,19,7,7,4,9,0,19,1,0,1,93,153,5.06,1.254,7.7,1.6,3.6,7.7,2.11
198,Justin Masterson,27,CLE,11,15,.423,4.93,34,34,0,1,0,0,206.1,212,122,113,18,88,1,159,13,0,14,906,79,4.16,1.454,9.2,0.8,3.8,6.9,1.81
199,Jeff Mathis,29,TOR,0,0,,9.00,2,0,2,0,0,0,2.0,4,2,2,0,1,0,0,0,0,0,11,55,4.59,2.500,18.0,0.0,4.5,0.0,0.00
200,Daisuke Matsuzaka,31,BOS,1,7,.125,8.28,11,11,0,0,0,0,45.2,58,43,42,11,20,0,41,3,0,3,215,51,5.94,1.708,11.4,2.2,3.9,8.1,2.05
Rk,Name,Age,Tm,W,L,W-L%,ERA,G,GS,GF,CG,SHO,SV,IP,H,R,ER,HR,BB,IBB,SO,HBP,BK,WP,BF,ERA+,FIP,WHIP,H9,HR9,BB9,SO9,SO/W
201,Brian Matusz*,25,BAL,6,10,.375,4.87,34,16,2,0,0,0,98.0,112,61,53,15,41,4,81,0,0,0,441,87,4.69,1.561,10.3,1.4,3.8,7.4,1.98
202,Vin Mazzaro,25,KCR,4,3,.571,5.73,18,6,4,0,0,0,44.0,55,29,28,3,19,2,26,3,0,1,198,73,4.30,1.682,11.3,0.6,3.9,5.3,1.37
203,Zach McAllister,24,CLE,6,8,.429,4.24,22,22,0,0,0,0,125.1,133,78,59,19,38,0,110,1,2,0,543,92,4.24,1.364,9.6,1.4,2.7,7.9,2.89
204,Brandon McCarthy,28,OAK,8,6,.571,3.24,18,18,0,0,0,0,111.0,115,44,40,10,24,2,73,6,0,0,469,120,3.76,1.252,9.3,0.8,1.9,5.9,3.04
205,Darnell McDonald,33,TOT,0,1,.000,27.00,1,0,1,0,0,0,1.0,2,3,3,1,2,0,0,0,0,0,6,27,22.09,4.000,18.0,9.0,18.0,0.0,0.00
206,Darnell McDonald,33,BOS,0,1,.000,27.00,1,0,1,0,0,0,1.0,2,3,3,1,2,0,0,0,0,0,6,21,22.09,4.000,18.0,9.0,18.0,0.0,0.00
207,Jake McGee*,25,TBR,5,2,.714,1.95,69,0,13,0,0,0,55.1,33,13,12,3,11,4,73,1,0,3,212,198,1.81,0.795,5.4,0.5,1.8,11.9,6.64
208,Mark Melancon,27,BOS,0,2,.000,6.20,41,0,17,0,0,1,45.0,45,31,31,8,12,1,41,3,0,2,194,68,4.58,1.267,9.0,1.6,2.4,8.2,3.42
209,Luis Mendoza,28,KCR,8,10,.444,4.23,30,25,0,0,0,0,166.0,176,84,78,15,59,3,104,11,2,6,709,99,4.28,1.416,9.5,0.8,3.2,5.6,1.76
210,Jose Mijares*,27,KCR,2,2,.500,2.56,51,0,8,0,0,0,38.2,36,13,11,3,13,1,37,4,0,1,168,164,3.51,1.267,8.4,0.7,3.0,8.6,2.85
211,Andrew Miller*,27,BOS,3,2,.600,3.35,53,0,4,0,0,0,40.1,28,15,15,3,20,1,51,2,0,1,169,127,3.17,1.190,6.2,0.7,4.5,11.4,2.55
212,Jim Miller,30,OAK,2,1,.667,2.59,33,0,18,0,0,0,48.2,39,15,14,6,27,2,44,3,0,1,211,151,4.74,1.356,7.2,1.1,5.0,8.1,1.63
213,Brad Mills*,27,LAA,1,0,1.000,0.00,1,1,0,0,0,0,5.0,3,0,0,0,0,0,6,0,0,0,18,,0.69,0.600,5.4,0.0,0.0,10.8,
214,Kevin Millwood,37,SEA,6,12,.333,4.25,28,28,0,1,1,0,161.0,168,86,76,13,56,3,107,3,0,5,689,90,3.91,1.391,9.4,0.7,3.1,6.0,1.91
215,Tommy Milone*,25,OAK,13,10,.565,3.74,31,31,0,1,0,0,190.0,207,90,79,24,36,2,137,4,0,2,791,104,3.93,1.279,9.8,1.1,1.7,6.5,3.81
216,D.J. Mitchell,25,NYY,0,0,,3.86,4,0,3,0,0,0,4.2,7,2,2,1,3,0,2,0,0,1,24,118,6.95,2.143,13.5,1.9,5.8,3.9,0.67
217,Matt Moore*,23,TBR,11,11,.500,3.81,31,31,0,0,0,0,177.1,158,85,75,18,81,5,175,7,1,8,759,101,3.93,1.348,8.0,0.9,4.1,8.9,2.16
218,Franklin Morales*,26,BOS,3,4,.429,3.77,37,9,5,0,0,1,76.1,64,38,32,11,30,3,76,6,5,3,325,112,4.39,1.231,7.5,1.3,3.5,9.0,2.53
219,Brandon Morrow,27,TOR,10,7,.588,2.96,21,21,0,3,3,0,124.2,98,45,41,12,41,0,108,2,0,3,504,143,3.65,1.115,7.1,0.9,3.0,7.8,2.63
220,Clayton Mortensen,27,BOS,1,1,.500,3.21,26,0,8,0,0,0,42.0,32,15,15,7,19,2,41,1,0,3,173,132,4.74,1.214,6.9,1.5,4.1,8.8,2.16
221,Brett Myers,31,CHW,3,4,.429,3.12,35,0,12,0,0,0,34.2,30,13,12,4,9,1,21,1,0,1,138,138,4.25,1.125,7.8,1.0,2.3,5.5,2.33
222,Joe Nathan,37,TEX,3,5,.375,2.80,66,0,62,0,0,37,64.1,55,23,20,7,13,1,78,2,0,5,257,157,2.78,1.057,7.7,1.0,1.8,10.9,6.00
223,Pat Neshek,31,OAK,2,1,.667,1.37,24,0,5,0,0,0,19.2,10,3,3,3,6,1,16,1,0,1,77,289,4.52,0.814,4.6,1.4,2.7,7.3,2.67
224,Jeff Niemann,29,TBR,2,3,.400,3.08,8,8,0,0,0,0,38.0,30,17,13,2,12,0,34,2,0,2,156,126,3.09,1.105,7.1,0.5,2.8,8.1,2.83
225,Hector Noesí,25,SEA,2,12,.143,5.82,22,18,4,0,0,0,106.2,107,71,69,21,39,1,68,2,2,1,453,66,5.53,1.369,9.0,1.8,3.3,5.7,1.74
Rk,Name,Age,Tm,W,L,W-L%,ERA,G,GS,GF,CG,SHO,SV,IP,H,R,ER,HR,BB,IBB,SO,HBP,BK,WP,BF,ERA+,FIP,WHIP,H9,HR9,BB9,SO9,SO/W
226,Jordan Norberto*,25,OAK,4,1,.800,2.77,39,0,8,0,0,1,52.0,37,17,16,5,22,2,46,1,1,1,212,141,3.90,1.135,6.4,0.9,3.8,8.0,2.09
227,Iván Nova,25,NYY,12,8,.600,5.02,28,28,0,0,0,0,170.1,194,100,95,28,56,3,153,10,2,6,748,84,4.60,1.468,10.3,1.5,3.0,8.1,2.73
228,Darren O'Day,29,BAL,7,1,.875,2.28,69,0,10,0,0,0,67.0,49,17,17,6,14,2,69,3,0,0,263,185,2.96,0.940,6.6,0.8,1.9,9.3,4.93
229,Jake Odorizzi,22,KCR,0,1,.000,4.91,2,2,0,0,0,0,7.1,8,4,4,1,4,0,4,0,0,0,34,89,5.41,1.636,9.8,1.2,4.9,4.9,1.00
230,Alexi Ogando,28,TEX,2,0,1.000,3.27,58,1,11,0,0,3,66.0,49,26,24,9,17,1,66,2,0,5,263,134,3.73,1.000,6.7,1.2,2.3,9.0,3.88
231,Will Ohman*,34,CHW,0,2,.000,6.41,32,0,9,0,0,0,26.2,23,19,19,6,5,0,13,6,1,0,112,67,6.28,1.050,7.8,2.0,1.7,4.4,2.60
232,Darren Oliver*,41,TOR,3,4,.429,2.06,62,0,11,0,0,2,56.2,43,13,13,3,15,0,52,4,0,3,221,205,2.95,1.024,6.8,0.5,2.4,8.3,3.47
233,Lester Oliveros,24,MIN,0,0,,5.40,1,0,0,0,0,0,1.2,1,1,1,0,1,0,1,0,0,0,7,93,3.69,1.200,5.4,0.0,5.4,5.4,1.00
234,Brian Omogrosso,28,CHW,0,0,,2.57,17,0,1,0,0,0,21.0,20,6,6,3,9,0,18,0,0,0,90,168,4.52,1.381,8.6,1.3,3.9,7.7,2.00
235,Jose Ortega,23,DET,0,0,,3.38,2,0,0,0,0,0,2.2,3,1,1,1,1,0,4,0,0,0,13,143,6.09,1.500,10.1,3.4,3.4,13.5,4.00
236,Roy Oswalt,34,TEX,4,3,.571,5.80,17,9,2,0,0,0,59.0,79,41,38,11,11,0,59,3,2,3,264,76,4.23,1.525,12.1,1.7,1.7,9.0,5.36
237,Vicente Padilla,34,BOS,4,1,.800,4.50,56,0,10,0,0,1,50.0,59,26,25,7,15,3,51,3,0,0,218,94,3.95,1.480,10.6,1.3,2.7,9.2,3.40
238,Jarrod Parker,23,OAK,13,8,.619,3.47,29,29,0,0,0,0,181.1,166,71,70,11,63,3,140,3,0,10,751,112,3.43,1.263,8.2,0.5,3.1,6.9,2.22
239,Troy Patton*,26,BAL,1,0,1.000,2.43,54,0,12,0,0,0,55.2,45,15,15,5,12,2,49,2,0,1,224,175,3.26,1.024,7.3,0.8,1.9,7.9,4.08
240,David Pauley,29,TOT,0,1,.000,6.48,10,0,6,0,0,0,16.2,27,13,12,2,5,1,6,2,0,0,82,64,5.19,1.920,14.6,1.1,2.7,3.2,1.20
241,David Pauley,29,LAA,0,1,.000,4.35,5,0,3,0,0,0,10.1,16,6,5,1,3,1,4,0,0,0,49,91,4.45,1.839,13.9,0.9,2.6,3.5,1.33
242,David Pauley,29,TOR,0,0,,9.95,5,0,3,0,0,0,6.1,11,7,7,1,2,0,2,2,0,0,33,45,6.41,2.053,15.6,1.4,2.8,2.8,1.00
243,Felipe Paulino,28,KCR,3,1,.750,1.67,7,7,0,0,0,0,37.2,31,8,7,3,15,0,39,0,0,1,156,252,3.25,1.221,7.4,0.7,3.6,9.3,2.60
244,Carl Pavano,36,MIN,2,5,.286,6.00,11,11,0,0,0,0,63.0,80,46,42,9,8,2,33,2,0,0,268,69,4.38,1.397,11.4,1.3,1.1,4.7,4.13
245,Jake Peavy,31,CHW,11,12,.478,3.37,32,32,0,4,1,0,219.0,191,88,82,27,49,1,194,10,2,3,882,126,3.73,1.096,7.8,1.1,2.0,8.0,3.96
246,Joel Peralta,36,TBR,2,6,.250,3.63,76,0,9,0,0,2,67.0,49,28,27,9,17,2,84,1,0,5,264,107,3.14,0.985,6.6,1.2,2.3,11.3,4.94
247,Luis Perdomo,28,MIN,0,0,,3.18,15,0,9,0,0,0,17.0,15,8,6,0,12,1,8,2,0,1,78,132,4.62,1.588,7.9,0.0,6.4,4.2,0.67
248,Chris Perez,26,CLE,0,4,.000,3.59,61,0,53,0,0,39,57.2,49,25,23,6,16,1,59,2,0,0,242,109,3.34,1.127,7.6,0.9,2.5,9.2,3.69
249,Luis Perez*,27,TOR,2,2,.500,3.43,35,0,6,0,0,0,42.0,38,16,16,3,16,0,39,3,0,0,175,124,3.52,1.286,8.1,0.6,3.4,8.4,2.44
250,Martín Pérez*,21,TEX,1,4,.200,5.45,12,6,2,0,0,0,38.0,47,26,23,3,15,1,25,2,2,5,177,81,4.15,1.632,11.1,0.7,3.6,5.9,1.67
Rk,Name,Age,Tm,W,L,W-L%,ERA,G,GS,GF,CG,SHO,SV,IP,H,R,ER,HR,BB,IBB,SO,HBP,BK,WP,BF,ERA+,FIP,WHIP,H9,HR9,BB9,SO9,SO/W
251,Oliver Pérez*,30,SEA,1,3,.250,2.12,33,0,6,0,0,0,29.2,27,7,7,1,10,2,24,0,0,2,123,181,2.93,1.247,8.2,0.3,3.0,7.3,2.40
252,Rafael Perez*,30,CLE,1,0,1.000,3.52,8,0,1,0,0,0,7.2,5,3,3,1,4,1,4,0,1,0,31,116,5.31,1.174,5.9,1.2,4.7,4.7,1.00
253,Glen Perkins*,29,MIN,3,1,.750,2.56,70,0,43,0,0,16,70.1,57,25,20,8,16,3,78,3,0,3,281,161,3.17,1.038,7.3,1.0,2.0,10.0,4.88
254,Vinnie Pestano,27,CLE,3,3,.500,2.57,70,0,13,0,0,2,70.0,53,20,20,7,24,1,76,4,0,1,286,152,3.42,1.100,6.8,0.9,3.1,9.8,3.17
255,Andy Pettitte*,40,NYY,5,4,.556,2.87,12,12,0,0,0,0,75.1,65,26,24,8,21,0,69,0,0,1,303,148,3.48,1.142,7.8,1.0,2.5,8.2,3.29
256,David Phelps,25,NYY,4,4,.500,3.34,33,11,5,0,0,0,99.2,81,38,37,14,38,2,96,6,2,2,414,126,4.32,1.194,7.3,1.3,3.4,8.7,2.53
257,Zach Phillips*,25,BAL,0,0,,6.00,6,0,3,0,0,0,6.0,7,4,4,2,3,1,5,0,0,0,28,74,7.26,1.667,10.5,3.0,4.5,7.5,1.67
258,Stu Pomeranz,27,BAL,0,0,,3.00,3,0,0,0,0,0,6.0,7,2,2,1,1,0,3,0,0,0,26,149,4.76,1.333,10.5,1.5,1.5,4.5,3.00
259,Rick Porcello,23,DET,10,12,.455,4.59,31,31,0,0,0,0,176.1,226,101,90,16,44,3,107,6,0,6,783,93,3.91,1.531,11.5,0.8,2.2,5.5,2.43
260,David Price*,26,TBR,20,5,.800,2.56,31,31,0,2,1,0,211.0,173,63,60,16,59,2,205,5,1,8,836,150,3.05,1.100,7.4,0.7,2.5,8.7,3.47
261,Stephen Pryor,22,SEA,3,1,.750,3.91,26,0,8,0,0,0,23.0,22,13,10,5,13,2,27,0,0,3,104,99,5.27,1.522,8.6,2.0,5.1,10.6,2.08
262,Luke Putkonen,26,DET,0,2,.000,3.94,12,0,6,0,0,1,16.0,19,7,7,0,8,1,10,0,0,2,72,110,3.34,1.688,10.7,0.0,4.5,5.6,1.25
263,Chad Qualls,33,NYY,1,0,1.000,6.14,8,0,4,0,0,0,7.1,10,5,5,0,3,1,2,0,0,1,33,72,3.78,1.773,12.3,0.0,3.7,2.5,0.67
264,José Quintana*,23,CHW,6,6,.500,3.76,25,22,2,0,0,0,136.1,142,62,57,14,42,4,81,3,2,10,568,113,4.23,1.350,9.4,0.9,2.8,5.3,1.93
265,Erasmo Ramírez,22,SEA,1,3,.250,3.36,16,8,2,0,0,0,59.0,47,26,22,6,12,1,48,3,0,0,238,114,3.55,1.000,7.2,0.9,1.8,7.3,4.00
266,Cesár Ramos*,28,TBR,1,0,1.000,2.10,17,1,9,0,0,0,30.0,19,7,7,2,10,0,29,2,0,0,120,185,3.23,0.967,5.7,0.6,3.0,8.7,2.90
267,Clay Rapada*,31,NYY,3,0,1.000,2.82,70,0,7,0,0,0,38.1,29,14,12,2,17,1,38,1,2,1,155,151,3.20,1.200,6.8,0.5,4.0,8.9,2.24
268,Addison Reed,23,CHW,3,2,.600,4.75,62,0,44,0,0,29,55.0,57,30,29,6,18,3,54,2,1,0,238,90,3.64,1.364,9.3,1.0,2.9,8.8,3.00
269,Garrett Richards,24,LAA,4,3,.571,4.69,30,9,4,0,0,1,71.0,77,46,37,7,34,1,47,3,0,2,318,82,4.62,1.563,9.8,0.9,4.3,6.0,1.38
270,Scott Richmond,32,TOR,0,0,,6.00,3,0,2,0,0,0,3.0,5,2,2,1,0,0,2,0,0,1,15,79,6.09,1.667,15.0,3.0,0.0,6.0,
271,Mariano Rivera,42,NYY,1,1,.500,2.16,9,0,9,0,0,5,8.1,6,2,2,0,2,2,8,0,0,0,32,203,1.89,0.960,6.5,0.0,2.2,8.6,4.00
272,David Robertson,27,NYY,2,7,.222,2.67,65,0,17,0,0,2,60.2,52,19,18,5,19,0,81,1,1,1,248,159,2.48,1.170,7.7,0.7,2.8,12.0,4.26
273,Tyler Robertson*,24,MIN,2,2,.500,5.40,40,0,2,0,0,0,25.0,21,16,15,4,14,3,26,1,0,1,111,77,4.89,1.400,7.6,1.4,5.0,9.4,1.86
274,Fernando Rodney,35,TBR,2,2,.500,0.60,76,0,65,0,0,48,74.2,43,9,5,2,15,1,76,3,0,4,282,641,2.13,0.777,5.2,0.2,1.8,9.2,5.07
275,Esmil Rogers,26,CLE,3,1,.750,3.06,44,0,13,0,0,0,53.0,47,19,18,5,12,2,54,3,0,5,217,128,3.13,1.113,8.0,0.8,2.0,9.2,4.50
Rk,Name,Age,Tm,W,L,W-L%,ERA,G,GS,GF,CG,SHO,SV,IP,H,R,ER,HR,BB,IBB,SO,HBP,BK,WP,BF,ERA+,FIP,WHIP,H9,HR9,BB9,SO9,SO/W
276,J.C. Romero*,36,BAL,0,0,,6.75,5,0,2,0,0,0,4.0,7,4,3,1,1,0,1,0,0,1,21,68,6.59,2.000,15.8,2.3,2.3,2.3,1.00
277,Ricky Romero*,27,TOR,9,14,.391,5.77,32,32,0,1,0,0,181.0,198,122,116,21,105,1,124,10,0,8,829,73,5.14,1.674,9.8,1.0,5.2,6.2,1.18
278,Robbie Ross*,23,TEX,6,0,1.000,2.22,58,0,9,0,0,0,65.0,55,21,16,3,23,3,47,2,1,1,265,198,3.40,1.200,7.6,0.4,3.2,6.5,2.04
279,Tyson Ross,25,OAK,2,11,.154,6.50,18,13,3,0,0,0,73.1,96,56,53,7,37,3,46,5,1,2,342,60,4.80,1.814,11.8,0.9,4.5,5.6,1.24
280,CC Sabathia*,31,NYY,15,6,.714,3.38,28,28,0,2,0,0,200.0,184,89,75,22,44,2,197,8,1,4,833,125,3.33,1.140,8.3,1.0,2.0,8.9,4.48
281,Chris Sale*,23,CHW,17,8,.680,3.05,30,29,0,1,0,0,192.0,167,66,65,19,51,5,192,6,0,6,772,140,3.27,1.135,7.8,0.9,2.4,9.0,3.76
282,Aníbal Sánchez,28,DET,4,6,.400,3.74,12,12,0,1,1,0,74.2,81,36,31,8,15,1,57,3,0,3,316,114,3.68,1.286,9.8,1.0,1.8,6.9,3.80
283,Jonathan Sánchez*,29,KCR,1,6,.143,7.76,12,12,0,0,0,0,53.1,65,47,46,8,44,1,36,5,1,4,270,54,6.45,2.044,11.0,1.4,7.4,6.1,0.82
284,Ervin Santana,29,LAA,9,13,.409,5.16,30,30,0,1,1,0,178.0,165,109,102,39,61,2,133,9,0,4,764,74,5.63,1.270,8.3,2.0,3.1,6.7,2.18
285,Héctor Santiago*,24,CHW,4,1,.800,3.33,42,4,19,0,0,4,70.1,54,26,26,10,40,1,79,7,2,5,306,128,4.70,1.336,6.9,1.3,5.1,10.1,1.98
286,Sergio Santos,28,TOR,0,1,.000,9.00,6,0,4,0,0,2,5.0,6,5,5,1,4,0,4,0,0,1,24,50,6.49,2.000,10.8,1.8,7.2,7.2,1.00
287,Joe Saunders*,31,BAL,3,3,.500,3.63,7,7,0,0,0,0,44.2,49,20,18,4,8,1,23,0,0,1,184,117,3.77,1.276,9.9,0.8,1.6,4.6,2.88
288,Tanner Scheppers,25,TEX,1,1,.500,4.45,39,0,13,0,0,1,32.1,47,18,16,6,9,3,30,2,0,4,152,99,4.67,1.732,13.1,1.7,2.5,8.4,3.33
289,Max Scherzer,27,DET,16,7,.696,3.74,32,32,0,0,0,0,187.2,179,82,78,23,60,2,231,5,1,2,787,114,3.26,1.274,8.6,1.1,2.9,11.1,3.85
290,Daniel Schlereth*,26,DET,0,0,,10.29,6,0,2,0,0,0,7.0,14,10,8,3,5,2,6,0,0,1,39,43,9.09,2.714,18.0,3.9,6.4,7.7,1.20
291,Evan Scribner,26,OAK,2,0,1.000,2.55,30,0,13,0,0,1,35.1,30,11,10,2,12,0,30,0,0,1,148,154,3.15,1.189,7.6,0.5,3.1,7.6,2.50
292,Chris Seddon*,28,CLE,1,1,.500,3.67,17,2,3,0,0,0,34.1,35,15,14,2,13,1,18,0,0,1,147,107,3.94,1.398,9.2,0.5,3.4,4.7,1.38
293,Leyson Septimo*,26,CHW,0,2,.000,5.02,21,0,5,0,0,0,14.1,8,8,8,3,6,1,14,1,0,2,58,87,5.33,0.977,5.0,1.9,3.8,8.8,2.33
294,George Sherrill*,35,SEA,0,0,,27.00,2,0,1,0,0,0,1.1,6,4,4,2,1,0,0,0,0,0,10,18,24.84,5.250,40.5,13.5,6.8,0.0,0.00
295,James Shields,30,TBR,15,10,.600,3.52,33,33,0,3,2,0,227.2,208,103,89,25,58,2,223,11,1,7,944,109,3.47,1.168,8.2,1.0,2.3,8.8,3.84
296,Tony Sipp*,28,CLE,1,2,.333,4.42,63,0,7,0,0,1,55.0,47,29,27,9,23,1,51,1,0,3,233,89,4.68,1.273,7.7,1.5,3.8,8.3,2.22
297,Joe Smith,28,CLE,7,4,.636,2.96,72,0,12,0,0,0,67.0,53,27,22,4,25,4,53,2,1,1,278,132,3.50,1.164,7.1,0.5,3.4,7.1,2.12
298,Will Smith*,22,KCR,6,9,.400,5.32,16,16,0,0,0,0,89.2,111,54,53,12,33,1,59,1,0,4,396,79,4.66,1.606,11.1,1.2,3.3,5.9,1.79
299,Drew Smyly*,23,DET,4,3,.571,3.99,23,18,0,0,0,0,99.1,93,49,44,12,33,1,94,2,0,3,416,107,3.83,1.268,8.4,1.1,3.0,8.5,2.85
300,Miguel Socolovich,25,BAL,0,0,,6.97,6,0,1,0,0,0,10.1,11,8,8,2,6,0,6,0,1,0,47,63,6.19,1.645,9.6,1.7,5.2,5.2,1.00
Rk,Name,Age,Tm,W,L,W-L%,ERA,G,GS,GF,CG,SHO,SV,IP,H,R,ER,HR,BB,IBB,SO,HBP,BK,WP,BF,ERA+,FIP,WHIP,H9,HR9,BB9,SO9,SO/W
301,Rafael Soriano,32,NYY,2,1,.667,2.26,69,0,54,0,0,42,67.2,55,17,17,6,24,4,69,1,0,3,279,187,3.32,1.167,7.3,0.8,3.2,9.2,2.88
302,Zach Stewart,25,TOT,1,4,.200,8.58,20,3,8,0,0,0,35.2,58,40,34,14,4,0,19,1,1,0,168,50,7.55,1.738,14.6,3.5,1.0,4.8,4.75
303,Zach Stewart,25,CHW,1,2,.333,6.00,18,1,8,0,0,0,30.0,41,26,20,10,4,0,16,0,1,0,134,72,6.76,1.500,12.3,3.0,1.2,4.8,4.00
304,Zach Stewart,25,BOS,0,2,.000,22.24,2,2,0,0,0,0,5.2,17,14,14,4,0,0,3,1,0,0,34,20,11.74,3.000,27.0,6.4,0.0,4.8,
305,Dan Straily,23,OAK,2,1,.667,3.89,7,7,0,0,0,0,39.1,36,19,17,11,16,1,32,2,0,0,172,101,6.48,1.322,8.2,2.5,3.7,7.3,2.00
306,Pedro Strop,27,BAL,5,2,.714,2.44,70,0,17,0,0,3,66.1,52,18,18,2,37,2,58,4,0,5,283,173,3.59,1.342,7.1,0.3,5.0,7.9,1.57
307,Eric Stults*,32,CHW,0,0,,2.70,2,1,1,0,0,0,6.2,6,2,2,0,4,0,4,1,0,0,30,166,4.14,1.500,8.1,0.0,5.4,5.4,1.00
308,Anthony Swarzak,26,MIN,3,6,.333,5.03,44,5,9,0,0,0,96.2,106,57,54,15,31,8,62,0,0,3,413,82,4.79,1.417,9.9,1.4,2.9,5.8,2.00
309,Hisanori Takahashi*,37,LAA,0,3,.000,4.93,42,0,9,0,0,0,42.0,39,24,23,6,10,1,41,0,0,0,173,78,3.71,1.167,8.4,1.3,2.1,8.8,4.10
310,Yoshinori Tateyama,36,TEX,1,0,1.000,9.00,14,0,5,0,0,0,17.0,18,19,17,4,6,1,18,0,0,0,76,50,5.09,1.412,9.5,2.1,3.2,9.5,3.00
311,Andrew Taylor*,25,LAA,0,0,,11.57,3,0,2,0,0,0,2.1,3,3,3,0,4,0,0,0,0,1,14,39,8.24,3.000,11.6,0.0,15.4,0.0,0.00
312,Junichi Tazawa,26,BOS,1,1,.500,1.43,37,0,13,0,0,1,44.0,37,7,7,1,5,0,45,2,0,0,172,296,1.82,0.955,7.6,0.2,1.0,9.2,9.00
313,Everett Teaford*,28,KCR,1,4,.200,4.99,18,5,3,0,0,0,61.1,68,34,34,11,21,0,35,2,1,2,263,84,5.41,1.451,10.0,1.6,3.1,5.1,1.67
314,Justin Thomas*,28,TOT,0,0,,8.22,11,0,0,0,0,0,7.2,12,7,7,1,3,0,7,1,0,1,37,56,4.53,1.957,14.1,1.2,3.5,8.2,2.33
315,Justin Thomas*,28,BOS,0,0,,7.71,7,0,0,0,0,0,4.2,10,4,4,0,2,0,4,1,0,1,25,59,3.31,2.571,19.3,0.0,3.9,7.7,2.00
316,Justin Thomas*,28,NYY,0,0,,9.00,4,0,0,0,0,0,3.0,2,3,3,1,1,0,3,0,0,0,12,52,6.43,1.000,6.0,3.0,3.0,9.0,3.00
317,Rich Thompson,27,TOT,0,1,.000,12.00,3,0,3,0,0,0,3.0,6,4,4,1,1,0,3,0,0,0,16,40,6.43,2.333,18.0,3.0,3.0,9.0,3.00
318,Rich Thompson,27,LAA,0,1,.000,15.43,2,0,2,0,0,0,2.1,5,4,4,1,1,0,3,0,0,0,13,29,7.38,2.571,19.3,3.9,3.9,11.6,3.00
319,Rich Thompson,27,OAK,0,0,,0.00,1,0,1,0,0,0,0.2,1,0,0,0,0,0,0,0,0,0,3,,3.09,1.500,13.5,0.0,0.0,0.0,
320,Matt Thornton*,35,CHW,4,10,.286,3.46,74,0,18,0,0,3,65.0,63,27,25,4,17,4,53,3,0,2,266,123,3.19,1.231,8.7,0.6,2.4,7.3,3.12
321,Chris Tillman,24,BAL,9,3,.750,2.93,15,15,0,0,0,0,86.0,66,38,28,12,24,0,66,1,0,5,347,144,4.25,1.047,6.9,1.3,2.5,6.9,2.75
322,Josh Tomlin,27,CLE,5,8,.385,6.36,21,16,0,0,0,0,103.1,126,74,73,18,25,3,56,3,0,4,452,61,5.09,1.461,11.0,1.6,2.2,4.9,2.24
323,Jacob Turner,21,DET,1,1,.500,8.03,3,3,0,0,0,0,12.1,17,11,11,4,7,1,7,0,0,1,61,55,7.88,1.946,12.4,2.9,5.1,5.1,1.00
324,Koji Uehara,37,TEX,0,0,,1.75,37,0,13,0,0,1,36.0,20,7,7,4,3,0,43,0,0,1,130,252,2.40,0.639,5.0,1.0,0.8,10.8,14.33
325,Jose Valverde,34,DET,3,4,.429,3.78,71,0,67,0,0,35,69.0,59,34,29,3,27,5,48,4,0,1,294,113,3.62,1.246,7.7,0.4,3.5,6.3,1.78
Rk,Name,Age,Tm,W,L,W-L%,ERA,G,GS,GF,CG,SHO,SV,IP,H,R,ER,HR,BB,IBB,SO,HBP,BK,WP,BF,ERA+,FIP,WHIP,H9,HR9,BB9,SO9,SO/W
326,Jason Vargas*,29,SEA,14,11,.560,3.85,33,33,0,2,0,0,217.1,201,94,93,35,55,1,141,3,0,5,887,99,4.69,1.178,8.3,1.4,2.3,5.8,2.56
327,Esmerling Vasquez,28,MIN,0,2,.000,5.68,6,6,0,0,0,0,31.2,32,20,20,2,19,0,14,1,0,1,141,73,4.93,1.611,9.1,0.6,5.4,4.0,0.74
328,Donnie Veal*,27,CHW,0,0,,1.38,24,0,5,0,0,1,13.0,5,2,2,0,4,0,19,0,0,0,49,316,1.09,0.692,3.5,0.0,2.8,13.2,4.75
329,Ryan Verdugo*,25,KCR,0,1,.000,32.40,1,1,0,0,0,0,1.2,8,6,6,1,2,0,2,0,0,0,15,16,12.09,6.000,43.2,5.4,10.8,10.8,1.00
330,Justin Verlander,29,DET,17,8,.680,2.64,33,33,0,6,1,0,238.1,192,81,70,19,60,2,239,5,1,2,956,161,2.94,1.057,7.3,0.7,2.3,9.0,3.98
331,Carlos Villanueva,28,TOR,7,7,.500,4.16,38,16,9,0,0,0,125.1,113,59,58,23,46,4,122,3,1,6,521,101,4.71,1.269,8.1,1.7,3.3,8.8,2.65
332,Brayan Villarreal,25,DET,3,5,.375,2.63,50,0,15,0,0,0,54.2,38,20,16,3,28,3,66,1,2,9,226,162,2.98,1.207,6.3,0.5,4.6,10.9,2.36
333,Cory Wade,29,NYY,1,1,.500,6.46,39,0,7,0,0,0,39.0,46,29,28,8,8,1,38,1,0,0,171,66,4.50,1.385,10.6,1.8,1.8,8.8,4.75
334,Jordan Walden,24,LAA,3,2,.600,3.46,45,0,20,0,0,1,39.0,35,15,15,3,18,1,48,0,0,7,172,111,3.02,1.359,8.1,0.7,4.2,11.1,2.67
335,Kyle Waldrop,26,MIN,0,1,.000,2.53,17,0,3,0,0,0,21.1,27,6,6,2,6,1,7,3,0,1,94,164,4.92,1.547,11.4,0.8,2.5,3.0,1.17
336,P.J. Walters,27,MIN,2,5,.286,5.69,12,12,0,1,0,0,61.2,71,41,39,12,22,1,42,3,0,1,271,72,5.48,1.508,10.4,1.8,3.2,6.1,1.91
337,Adam Warren,24,NYY,0,0,,23.14,1,1,0,0,0,0,2.1,8,6,6,2,2,0,1,0,0,0,17,21,15.95,4.286,30.9,7.7,7.7,3.9,0.50
338,Jered Weaver,29,LAA,20,5,.800,2.81,30,30,0,3,2,0,188.2,147,63,59,20,45,0,142,4,0,2,739,135,3.75,1.018,7.0,1.0,2.1,6.8,3.16
339,Thad Weber,27,DET,0,1,.000,9.00,2,0,1,0,0,0,4.0,10,4,4,0,2,0,1,0,0,0,24,51,4.09,3.000,22.5,0.0,4.5,2.3,0.50
340,Dan Wheeler,34,CLE,0,0,,8.76,12,0,2,0,0,0,12.1,17,12,12,3,7,0,2,0,0,2,61,46,7.63,1.946,12.4,2.2,5.1,1.5,0.29
341,Tom Wilhelmsen,28,SEA,4,3,.571,2.50,73,0,48,0,0,29,79.1,59,24,22,5,29,3,87,2,0,3,326,153,2.89,1.109,6.7,0.6,3.3,9.9,3.00
342,Adam Wilk*,24,DET,0,3,.000,8.18,3,3,0,0,0,0,11.0,21,11,10,4,3,0,7,0,0,0,55,54,7.37,2.182,17.2,3.3,2.5,5.7,2.33
343,Jerome Williams,30,LAA,6,8,.429,4.58,32,15,7,1,1,1,137.2,139,73,70,17,35,1,98,5,0,1,572,83,4.15,1.264,9.1,1.1,2.3,6.4,2.80
344,C.J. Wilson*,31,LAA,13,10,.565,3.83,34,34,0,0,0,0,202.1,181,102,86,19,91,2,173,6,1,4,865,100,4.04,1.344,8.1,0.8,4.0,7.7,1.90
345,Dewayne Wise*,34,TOT,0,0,,0.00,2,0,2,0,0,0,1.2,1,0,0,0,1,0,0,0,0,0,6,,4.89,1.200,5.4,0.0,5.4,0.0,0.00
346,Dewayne Wise*,34,NYY,0,0,,0.00,1,0,1,0,0,0,0.2,0,0,0,0,0,0,0,0,0,0,2,,3.09,0.000,0.0,0.0,0.0,0.0,
347,Dewayne Wise*,34,CHW,0,0,,0.00,1,0,1,0,0,0,1.0,1,0,0,0,1,0,0,0,0,0,4,,6.09,2.000,9.0,0.0,9.0,0.0,0.00
348,Randy Wolf*,35,BAL,2,0,1.000,5.28,5,2,1,0,0,0,15.1,17,9,9,2,7,0,8,1,0,0,66,82,5.31,1.565,10.0,1.2,4.1,4.7,1.14
,LgAvg per 180 IP,,,10,10,.504,4.13,79,20,20,1,0,5,180,176,89,83,22,61,4,148,7,1,7,764,100,4.15,1.313,8.8,1.1,3.0,7.4,2.44
